2.752139329910278320e+00,1.865993857383728027e+00,1.074806749820709229e-01,1.039108037948608398e+00,1.387654304504394531e+00,-7.040973305702209473e-01,2.703704237937927246e-01,7.304612398147583008e-01,6.427345275878906250e-01,-2.193089246749877930e+00
1.896345973014831543e+00,2.965619802474975586e+00,-6.043224930763244629e-01,1.050834774971008301e+00,1.526232838630676270e+00,1.016800045967102051e+00,7.773707807064056396e-02,2.777833461761474609e+00,-1.132752537727355957e+00,4.800191521644592285e-01
-2.593825459480285645e-01,-7.797788381576538086e-01,1.157044053077697754e+00,8.358460068702697754e-01,2.139192581176757812e+00,4.767857193946838379e-01,8.933687210083007812e-01,7.634557485580444336e-01,-2.017371892929077148e+00,-1.204039305448532104e-01
1.180754542350769043e+00,-3.398139774799346924e-01,1.583756804466247559e+00,1.568744301795959473e+00,4.013754725456237793e-01,1.425041854381561279e-01,9.583567827939987183e-02,2.651562690734863281e+00,1.602659344673156738e+00,6.367344856262207031e-01
6.109678149223327637e-01,4.225699901580810547e-01,-9.186849594116210938e-01,-3.193141520023345947e-01,3.516260981559753418e-01,6.651257872581481934e-01,-1.016699552536010742e+00,5.662265419960021973e-01,1.184075832366943359e+00,1.882434844970703125e+00
7.066950798034667969e-01,8.276111483573913574e-01,-1.482020854949951172e+00,-8.477267622947692871e-01,7.601022720336914062e-01,5.895090475678443909e-02,-1.584613025188446045e-01,1.198131918907165527e+00,6.306552141904830933e-02,2.412519454956054688e-01
2.705100297927856445e+00,-1.571365743875503540e-01,4.040675163269042969e-01,-2.646898329257965088e-01,5.713492035865783691e-01,1.680175542831420898e+00,7.636224031448364258e-01,1.687673687934875488e+00,-1.092365503311157227e+00,5.305194854736328125e-01
5.196131467819213867e-01,2.111946105957031250e+00,1.316596984863281250e+00,1.511876463890075684e+00,8.988589644432067871e-01,-1.887521594762802124e-01,1.629191994667053223e+00,1.187115192413330078e+00,-3.402389883995056152e-01,-2.067229896783828735e-01
-1.271453499794006348e+00,2.474872022867202759e-02,-1.027082443237304688e+00,1.943913936614990234e+00,2.194565773010253906e+00,-2.817765437066555023e-02,1.899500340223312378e-01,9.450721740722656250e-01,1.010169744491577148e+00,7.010079622268676758e-01
-7.816059589385986328e-01,1.875412464141845703e+00,2.973969936370849609e+00,-5.831713080406188965e-01,1.261147141456604004e+00,8.782075643539428711e-01,-5.713754892349243164e-01,2.756812274456024170e-01,-1.191350892186164856e-01,1.149035573005676270e+00
-3.494830429553985596e-01,1.013485074043273926e+00,9.055439233779907227e-01,1.159716472029685974e-01,-1.642256855964660645e+00,3.857735097408294678e-01,5.835126638412475586e-01,5.590822100639343262e-01,-6.047859191894531250e-01,-7.423856854438781738e-02
6.548798084259033203e-01,-7.752991914749145508e-01,2.142835855484008789e+00,-1.247607469558715820e+00,-3.118284605443477631e-02,1.690331935882568359e+00,1.585034132003784180e+00,4.374546706676483154e-01,3.855384111404418945e+00,2.327408641576766968e-01
1.730051398277282715e+00,-4.657147079706192017e-02,8.327055573463439941e-01,1.667832612991333008e+00,4.186036586761474609e-01,1.673533558845520020e+00,1.211307883262634277e+00,-1.085117220878601074e+00,1.495386838912963867e+00,1.225111603736877441e+00
-1.505073904991149902e+00,-1.361894607543945312e+00,1.219038367271423340e+00,-7.499932646751403809e-01,-1.526616811752319336e+00,7.856577634811401367e-01,-1.252779245376586914e+00,-4.653155803680419922e-01,3.305553197860717773e+00,-7.616078853607177734e-01
8.528765439987182617e-01,2.179137945175170898e+00,9.386603236198425293e-01,1.190205812454223633e+00,-9.112791419029235840e-01,-1.202137693762779236e-01,8.738991022109985352e-01,7.267993092536926270e-01,1.035518527030944824e+00,1.445368289947509766e+00
6.442633867263793945e-01,-1.111853122711181641e-01,6.039628982543945312e-01,8.894166946411132812e-01,3.353016674518585205e-01,-9.361016750335693359e-01,-4.224437773227691650e-01,-3.333624601364135742e-01,1.354717493057250977e+00,-1.876086831092834473e+00
3.767966032028198242e-01,7.421023249626159668e-01,6.098361313343048096e-02,4.901258647441864014e-01,4.626157283782958984e-01,8.098835349082946777e-01,1.757078528404235840e+00,8.587970733642578125e-01,-9.118037819862365723e-01,1.992943286895751953e+00
1.711446791887283325e-01,1.452287316322326660e+00,1.797163367271423340e+00,-1.134026050567626953e+00,-4.644665420055389404e-01,4.434806108474731445e-01,4.725657999515533447e-01,-6.153673529624938965e-01,1.227903068065643311e-01,-1.927087455987930298e-01
-1.892244815826416016e-01,7.773593068122863770e-01,-1.502451747655868530e-01,3.684492111206054688e-01,7.060582637786865234e-01,2.824143171310424805e-01,1.324596047401428223e+00,-9.508368372917175293e-01,1.246256470680236816e+00,1.829329729080200195e-01
3.392376005649566650e-01,5.007328987121582031e-01,1.701289653778076172e+00,5.846202373504638672e-01,9.781897068023681641e-02,1.418361067771911621e+00,2.663931846618652344e+00,3.651592731475830078e-01,1.518394112586975098e+00,7.871208786964416504e-01
1.149061560630798340e+00,-4.911583960056304932e-01,6.907927989959716797e-01,4.072822332382202148e-01,1.906588435173034668e+00,8.020321130752563477e-01,6.244642734527587891e-01,7.447373270988464355e-01,1.372317433357238770e+00,1.807861328125000000e+00
3.972944915294647217e-01,1.977425664663314819e-01,1.215701848268508911e-01,-8.221161365509033203e-01,1.333219885826110840e+00,6.742392778396606445e-01,9.520207047462463379e-01,1.041667222976684570e+00,-3.040178418159484863e-01,2.264616250991821289e+00
8.811544775962829590e-01,1.811078190803527832e+00,-2.757906615734100342e-01,8.398085236549377441e-01,4.730511903762817383e-01,-7.327265739440917969e-01,9.315100908279418945e-01,-7.092676758766174316e-01,1.050570011138916016e+00,-3.191663920879364014e-01
-1.841861367225646973e+00,2.146988548338413239e-02,2.034229516983032227e+00,-2.645644903182983398e+00,6.995180994272232056e-02,-1.599241048097610474e-01,-8.264695405960083008e-01,-1.405549883842468262e+00,7.937358021736145020e-01,1.372069001197814941e+00
9.690474867820739746e-01,-6.670353412628173828e-01,4.338010847568511963e-01,3.997701108455657959e-01,6.066626310348510742e-01,6.595948338508605957e-01,-1.805397123098373413e-01,1.644714593887329102e+00,4.694927632808685303e-01,5.965960621833801270e-01
-4.859572649002075195e-01,5.170177817344665527e-01,1.956325292587280273e+00,7.866080999374389648e-01,2.309792518615722656e+00,7.404068708419799805e-01,8.982926607131958008e-01,2.432812213897705078e+00,1.630214333534240723e+00,1.852971792221069336e+00
3.108996152877807617e-01,-5.574245452880859375e-01,9.033835530281066895e-01,-7.789126783609390259e-02,1.786551922559738159e-01,1.589591264724731445e+00,1.171744227409362793e+00,-2.312639504671096802e-01,1.355423212051391602e+00,3.220320343971252441e-01
1.529511064291000366e-01,1.998072743415832520e+00,6.594831347465515137e-01,1.121439814567565918e+00,5.177879929542541504e-01,1.962807416915893555e+00,1.101993918418884277e+00,1.371870756149291992e+00,2.309247732162475586e+00,-4.930663704872131348e-01
3.818467378616333008e+00,-3.613781929016113281e-01,5.487591624259948730e-01,5.146781206130981445e-01,5.694531798362731934e-01,1.861154317855834961e+00,1.028883337974548340e+00,-5.109872817993164062e-01,1.307276010513305664e+00,3.275015354156494141e+00
-2.516262292861938477e+00,3.889748454093933105e-01,-4.059157073497772217e-01,5.911922454833984375e-01,1.586711406707763672e+00,2.781765758991241455e-01,1.142245411872863770e+00,1.287419795989990234e-01,1.199017882347106934e+00,-2.329834550619125366e-01
-1.010475754737854004e+00,4.329573512077331543e-01,1.738156557083129883e+00,-1.255253791809082031e+00,-1.713421940803527832e-01,1.010046482086181641e+00,-9.761274456977844238e-01,2.001149952411651611e-01,1.887547612190246582e+00,-8.148770928382873535e-01
5.295189023017883301e-01,-2.371583461761474609e+00,2.019129514694213867e+00,1.581972539424896240e-01,1.457542896270751953e+00,-2.615503072738647461e+00,1.192670166492462158e-01,7.088570594787597656e-01,1.268785819411277771e-02,8.902062773704528809e-01
-1.586560606956481934e-01,1.909462332725524902e+00,1.550253748893737793e+00,6.792729496955871582e-01,4.729554355144500732e-01,2.758908987045288086e+00,3.015171736478805542e-02,3.420763090252876282e-02,-8.448757231235504150e-02,1.575262546539306641e+00
1.275994896888732910e+00,-6.494047492742538452e-02,1.602273225784301758e+00,-3.538595139980316162e-01,-1.095422625541687012e+00,8.284044861793518066e-01,9.115390181541442871e-01,1.121733412146568298e-01,3.460237681865692139e-01,4.672271609306335449e-01
2.151663780212402344e+00,2.785370349884033203e+00,4.856564104557037354e-01,-3.760957391932606697e-03,1.759131550788879395e-01,-1.354882240295410156e+00,9.059192538261413574e-01,-2.076567560434341431e-01,-1.732692956924438477e+00,1.825615525245666504e+00
2.958289146423339844e+00,8.051592111587524414e-01,1.108254671096801758e+00,2.182643651962280273e+00,2.063320398330688477e+00,2.856022596359252930e+00,5.283484458923339844e-01,1.009478926658630371e+00,2.497753381729125977e+00,-8.852263092994689941e-01
-4.586615860462188721e-01,-9.692082554101943970e-02,1.657637715339660645e+00,2.614539623260498047e+00,5.886347293853759766e-01,-6.786258816719055176e-01,5.167739987373352051e-01,2.394290119409561157e-01,-3.239838480949401855e-01,-6.364905238151550293e-01
-4.484300315380096436e-01,-7.255756855010986328e-02,6.591819524765014648e-01,-2.553255856037139893e-01,2.206490635871887207e-01,9.291661977767944336e-01,-4.874973595142364502e-01,6.189720034599304199e-01,3.373171091079711914e-01,-1.571686387062072754e+00
7.304762005805969238e-01,1.519198894500732422e+00,9.181330204010009766e-01,1.502199769020080566e+00,2.544955015182495117e-01,7.032321691513061523e-01,-2.397567033767700195e-01,1.701985150575637817e-01,1.208790540695190430e+00,1.038627266883850098e+00
-5.238615870475769043e-01,4.968709051609039307e-01,-6.962994933128356934e-01,6.562401056289672852e-01,-4.035329520702362061e-01,-4.424958229064941406e-01,2.071981906890869141e+00,-4.837679266929626465e-01,1.309214472770690918e+00,9.626107662916183472e-02
-7.779128551483154297e-01,5.117033123970031738e-01,5.266109108924865723e-01,1.085862278938293457e+00,2.529036998748779297e-01,4.616155624389648438e-01,1.333774805068969727e+00,1.059740662574768066e+00,4.982813894748687744e-01,-1.165282130241394043e+00
6.645132899284362793e-01,5.823646187782287598e-01,7.957670092582702637e-01,-2.568252384662628174e-01,1.293087005615234375e-01,-1.000588059425354004e+00,-2.155679225921630859e+00,3.074228167533874512e-01,-1.060843348503112793e+00,-2.676565349102020264e-01
2.039806604385375977e+00,5.465251803398132324e-01,3.322402760386466980e-02,-3.924105688929557800e-02,-4.056436717510223389e-01,8.676309585571289062e-01,1.360679984092712402e+00,6.372631341218948364e-02,7.024547457695007324e-01,5.537694692611694336e-01
1.577669858932495117e+00,6.651100516319274902e-01,7.686451077461242676e-01,1.842969536781311035e+00,1.025465369224548340e+00,7.771376967430114746e-01,2.100106328725814819e-01,2.228122234344482422e+00,4.939555525779724121e-01,-2.387759536504745483e-01
1.848270416259765625e+00,2.001811265945434570e+00,-2.220034122467041016e+00,9.454549551010131836e-01,-4.300579130649566650e-01,5.312102437019348145e-01,-1.017280817031860352e+00,9.924855232238769531e-01,1.248078346252441406e+00,2.090306043624877930e+00
2.259932279586791992e+00,-5.411976575851440430e-01,-1.734112203121185303e-01,8.593099117279052734e-01,-9.548839926719665527e-01,1.772719502449035645e+00,-7.114984989166259766e-01,6.395392119884490967e-02,-8.981236070394515991e-02,-8.330389857292175293e-01
2.304607778787612915e-01,9.032645225524902344e-01,1.742337465286254883e+00,3.460631966590881348e-01,1.002992033958435059e+00,2.270828962326049805e+00,7.939115166664123535e-01,-2.902070283889770508e-01,1.048455834388732910e+00,1.211903691291809082e+00
-3.960232138633728027e-01,-2.667276263236999512e-01,1.465075016021728516e-01,3.069354295730590820e-01,1.814369916915893555e+00,9.743888378143310547e-01,2.099506258964538574e-01,1.594185829162597656e+00,1.553060393780469894e-02,-2.773709781467914581e-02
-5.729219317436218262e-01,1.455513715744018555e+00,6.172135472297668457e-01,1.155326485633850098e+00,2.594283819198608398e-01,-1.147095561027526855e+00,3.906528353691101074e-01,4.005436301231384277e-01,2.258300334215164185e-01,-3.439570665359497070e-01
1.580905795097351074e+00,1.715162873268127441e+00,-1.118062496185302734e+00,-1.687637925148010254e+00,9.601251780986785889e-02,-6.871124505996704102e-01,1.437931537628173828e+00,-5.508738756179809570e-01,-2.501564621925354004e-01,1.549522042274475098e+00
-9.343926310539245605e-01,-2.597357034683227539e-01,4.817016422748565674e-01,1.022825539112091064e-01,-7.706921100616455078e-01,-3.871689438819885254e-01,1.165613174438476562e+00,1.957033634185791016e+00,6.981387138366699219e-01,-1.291919052600860596e-01
1.560852527618408203e+00,-6.280087679624557495e-02,1.090333938598632812e+00,6.703197956085205078e-01,-5.195531249046325684e-01,-6.334591656923294067e-02,4.743583500385284424e-01,-1.319908380508422852e+00,-2.725380361080169678e-01,5.368437767028808594e-01
-1.217617869377136230e+00,-4.758937358856201172e-01,8.958719372749328613e-01,1.259677410125732422e+00,-3.182152509689331055e-01,1.341823339462280273e+00,4.771969914436340332e-01,3.380900382995605469e+00,1.330704331398010254e+00,2.432211637496948242e+00
-6.955958604812622070e-01,1.829812884330749512e+00,-1.266339272260665894e-01,1.549763679504394531e+00,1.039257287979125977e+00,-5.480998754501342773e-01,-1.679090857505798340e+00,6.849446892738342285e-01,3.444935679435729980e-01,-4.461049735546112061e-01
1.991548687219619751e-01,6.704358011484146118e-02,2.967685222625732422e+00,1.211313843727111816e+00,7.426197081804275513e-02,-2.650583684444427490e-01,5.292367935180664062e-01,6.832942366600036621e-01,-1.341477274894714355e+00,6.517322659492492676e-01
9.263209700584411621e-01,3.210805654525756836e-01,-9.874762594699859619e-02,5.875955224037170410e-01,4.216658174991607666e-01,1.882223039865493774e-01,5.493523478507995605e-01,-1.232407331466674805e+00,2.166505455970764160e-01,-5.807083249092102051e-01
-1.777081191539764404e-01,1.124474406242370605e+00,2.334135957062244415e-02,1.299602866172790527e+00,-4.544059634208679199e-01,1.652297973632812500e+00,1.418127298355102539e+00,1.680405974388122559e+00,4.046467840671539307e-01,3.733565211296081543e-01
4.118531644344329834e-01,4.234531149268150330e-02,-3.526799678802490234e-01,6.222897768020629883e-01,1.067008852958679199e+00,9.322034567594528198e-02,6.311524510383605957e-01,7.107620835304260254e-01,4.101217687129974365e-01,-6.016666293144226074e-01
-4.071498513221740723e-01,-4.422722458839416504e-01,1.664772629737854004e+00,-1.133035898208618164e+00,7.048809528350830078e-01,9.217424392700195312e-01,9.875755757093429565e-02,-4.221439957618713379e-01,-8.542627692222595215e-01,8.141865730285644531e-01
9.395620226860046387e-01,-1.710204958915710449e+00,1.778018593788146973e+00,6.876616273075342178e-03,3.819847702980041504e-01,1.605888307094573975e-01,1.339490056037902832e+00,-2.451482415199279785e-01,-1.087966084480285645e+00,-1.402175873517990112e-01
-2.535557150840759277e-01,1.108880877494812012e+00,-8.109357208013534546e-02,-2.092952430248260498e-01,1.746521711349487305e+00,4.978467151522636414e-02,9.400703907012939453e-01,3.970984518527984619e-01,3.340983688831329346e-01,-6.280578970909118652e-01
1.206904292106628418e+00,3.512507379055023193e-01,2.141207218170166016e+00,-3.326091915369033813e-02,8.029674291610717773e-01,5.161665678024291992e-01,-4.045746922492980957e-01,1.040082216262817383e+00,-3.996587544679641724e-02,9.780640602111816406e-01
-3.766824901103973389e-01,7.510963678359985352e-01,-1.117798537015914917e-01,-5.282761454582214355e-01,-1.397936582565307617e+00,1.233117580413818359e+00,-1.360995411872863770e+00,1.987634181976318359e+00,1.617934465408325195e+00,7.157717943191528320e-01
3.410949558019638062e-02,-1.003379821777343750e+00,1.602321028709411621e+00,8.960860371589660645e-01,1.454194545745849609e+00,-2.862583100795745850e-01,-8.596276640892028809e-01,1.151115179061889648e+00,-6.110764741897583008e-01,7.619993090629577637e-01
2.507720708847045898e+00,-9.702424705028533936e-02,-5.757446214556694031e-02,-8.837639689445495605e-01,3.232775926589965820e-01,4.652825891971588135e-01,3.169462203979492188e+00,8.500487208366394043e-01,2.692735195159912109e-01,-3.880367875099182129e-01
1.187430262565612793e+00,1.387900948524475098e+00,1.674968242645263672e+00,-7.496399879455566406e-01,1.528911709785461426e+00,-6.173024177551269531e-01,-1.607298552989959717e-01,1.503962159156799316e+00,1.726965665817260742e+00,1.230619192123413086e+00
-4.580929577350616455e-01,-1.180722594261169434e+00,-1.123310446739196777e+00,8.087387681007385254e-01,-1.503120779991149902e+00,5.195764899253845215e-01,-9.712386131286621094e-01,-1.204060077667236328e+00,-7.483635544776916504e-01,6.127344965934753418e-01
8.599709868431091309e-01,5.071377158164978027e-01,1.130568385124206543e-01,1.660178780555725098e+00,2.463166713714599609e+00,3.385127782821655273e-01,-9.439071267843246460e-02,5.403367280960083008e-01,1.115435123443603516e+00,7.127035260200500488e-01
1.596599698066711426e+00,9.998051524162292480e-01,9.911868572235107422e-01,1.227366447448730469e+00,-7.322893738746643066e-01,-7.301269173622131348e-01,1.285159230232238770e+00,-6.519967913627624512e-01,1.036412566900253296e-01,-9.961468577384948730e-01
8.105540871620178223e-01,-1.401952147483825684e+00,7.531742453575134277e-01,8.806772232055664062e-01,2.456199526786804199e-01,3.889710307121276855e-01,-4.899173676967620850e-01,4.024380818009376526e-03,1.917290687561035156e-01,2.895405054092407227e+00
6.076952815055847168e-01,-3.839247524738311768e-01,2.349509954452514648e+00,-2.283132076263427734e-01,1.145087957382202148e+00,-1.791672468185424805e+00,1.981959342956542969e+00,9.136794209480285645e-01,8.930330276489257812e-01,-7.875378727912902832e-01
-1.259359717369079590e-01,2.979627549648284912e-01,-1.179965019226074219e+00,1.560929059982299805e+00,-1.344308733940124512e+00,1.931370735168457031e+00,2.562213420867919922e+00,4.216528832912445068e-01,2.478209286928176880e-01,1.372336149215698242e+00
2.146512508392333984e+00,6.704852581024169922e-01,9.043550491333007812e-01,1.954815506935119629e+00,1.192649126052856445e+00,9.755281805992126465e-01,6.542724370956420898e-01,5.658929347991943359e-01,-1.017039537429809570e+00,5.151044130325317383e-01
7.740583419799804688e-01,9.075441956520080566e-01,-1.868399977684020996e-01,-6.247681379318237305e-01,3.865046799182891846e-01,1.194739460945129395e+00,1.622184991836547852e+00,2.194573163986206055e+00,1.710028886795043945e+00,3.933958530426025391e+00
-9.041993319988250732e-02,4.199160337448120117e-01,3.916902244091033936e-01,1.860408306121826172e+00,8.761415481567382812e-01,4.346345067024230957e-01,9.027670025825500488e-01,1.754974126815795898e+00,4.359592199325561523e-01,2.064237117767333984e+00
-1.077787518501281738e+00,2.888098061084747314e-01,2.893672883510589600e-01,7.656699419021606445e-01,-9.107632637023925781e-01,-7.671874165534973145e-01,-4.096384942531585693e-01,3.339046537876129150e-01,6.602243781089782715e-01,1.473811149597167969e+00
1.276399850845336914e+00,-4.546948373317718506e-01,5.409070253372192383e-01,-8.922365307807922363e-01,1.969775259494781494e-01,3.043588697910308838e-01,2.034282922744750977e+00,-4.739874228835105896e-02,1.540970355272293091e-01,8.723707199096679688e-01
1.384302735328674316e+00,1.855727910995483398e+00,-8.088521361351013184e-01,2.043558061122894287e-01,1.407310485839843750e+00,9.991706609725952148e-01,5.122446417808532715e-01,1.208088278770446777e+00,2.182600259780883789e+00,1.637301802635192871e+00
-3.645075261592864990e-01,1.664793848991394043e+00,1.083663582801818848e+00,1.177127838134765625e+00,-5.928721651434898376e-02,-1.338399052619934082e+00,-3.160760998725891113e-01,1.058202862739562988e+00,9.518848657608032227e-01,2.265121459960937500e+00
1.874413490295410156e+00,-1.168956995010375977e+00,2.077568531036376953e+00,1.752179861068725586e+00,6.853356957435607910e-01,-1.385310590267181396e-01,-5.356184840202331543e-01,9.259075522422790527e-01,-8.824523091316223145e-01,2.201303839683532715e-01
-7.838532328605651855e-01,1.642114162445068359e+00,7.714161872863769531e-01,-7.684943079948425293e-01,5.124602839350700378e-02,1.458615660667419434e+00,-9.497909545898437500e-01,-1.591778993606567383e-01,1.468281149864196777e+00,4.195296764373779297e-01
4.743541479110717773e-01,-1.724686503410339355e+00,2.665474116802215576e-01,-4.876065850257873535e-01,-6.210432052612304688e-01,1.501880526542663574e+00,-1.060459494590759277e+00,-1.089437127113342285e+00,1.676597595214843750e+00,-8.863660693168640137e-01
1.223433256149291992e+00,8.839945793151855469e-01,5.628419294953346252e-02,8.706192970275878906e-01,3.355689346790313721e-01,-7.773203253746032715e-01,2.025554895401000977e+00,4.876300394535064697e-01,9.140565395355224609e-01,-4.943435788154602051e-01
1.506532073020935059e+00,1.519534736871719360e-01,-1.447828292846679688e+00,-6.016309261322021484e-01,2.597735166549682617e+00,-6.183146834373474121e-01,3.093749761581420898e+00,1.614065289497375488e+00,5.290189981460571289e-01,1.556705534458160400e-01
1.054809331893920898e+00,5.981082320213317871e-01,2.766009807586669922e+00,8.614955544471740723e-01,8.693838119506835938e-01,6.891694664955139160e-01,1.607454895973205566e+00,1.721534729003906250e+00,5.932758450508117676e-01,-1.171523451805114746e+00
3.056820631027221680e+00,7.378121614456176758e-01,1.369664371013641357e-01,-4.357634186744689941e-01,-6.147084236145019531e-01,1.920052528381347656e+00,1.314398288726806641e+00,-2.265243679285049438e-01,-3.878637552261352539e-01,1.624938368797302246e+00
-7.559304237365722656e-01,5.047787725925445557e-02,1.084817647933959961e+00,6.818936467170715332e-01,7.420899868011474609e-01,1.182488203048706055e+00,-4.188104271888732910e-01,7.234699726104736328e-01,-2.765043973922729492e-01,3.054895699024200439e-01
-3.916766345500946045e-01,4.930620193481445312e-01,1.466862112283706665e-01,-6.043341383337974548e-02,3.494867384433746338e-01,1.570134401321411133e+00,8.691602945327758789e-01,7.953705787658691406e-01,-1.366613388061523438e+00,-3.378677666187286377e-01
1.508524060249328613e+00,-1.388353556394577026e-01,1.454449057579040527e+00,-4.442461729049682617e-01,-8.448853343725204468e-02,1.782742261886596680e+00,-2.688275337219238281e+00,6.676082611083984375e-01,9.946035742759704590e-01,2.312330752611160278e-01
-1.336065530776977539e-01,1.251001715660095215e+00,-6.847652047872543335e-02,2.046050548553466797e+00,1.359531641006469727e+00,2.546467185020446777e-01,2.036274909973144531e+00,1.543622851371765137e+00,7.028169035911560059e-01,-3.583081364631652832e-01
3.425113260746002197e-01,-6.147946715354919434e-01,1.621860563755035400e-01,2.566980838775634766e+00,1.443567633628845215e+00,-1.379840493202209473e+00,-3.192393541336059570e+00,9.828261137008666992e-01,3.231660127639770508e-01,2.816107869148254395e-01
1.591860890388488770e+00,2.578881382942199707e-01,7.853116393089294434e-01,2.627969264984130859e+00,5.448979139328002930e-01,1.562608778476715088e-01,1.669879078865051270e+00,-3.472956120967864990e-01,-2.826549112796783447e-01,-6.756796836853027344e-01
-3.111893534660339355e-01,-1.931921988725662231e-01,1.433370947837829590e+00,7.301838994026184082e-01,1.532216787338256836e+00,-1.278906226158142090e+00,8.408792614936828613e-01,-2.675985336303710938e+00,2.529793262481689453e+00,1.953053116798400879e+00
1.613470077514648438e+00,7.070052027702331543e-01,4.880684986710548401e-02,1.309018731117248535e+00,4.368370771408081055e-01,-8.552923202514648438e-01,1.325600147247314453e+00,1.369946599006652832e-01,1.365543246269226074e+00,1.327388644218444824e+00
8.776526898145675659e-02,-1.260896921157836914e-01,-3.224806785583496094e-01,3.242203712463378906e+00,1.317120552062988281e+00,1.215450882911682129e+00,3.657856881618499756e-01,9.518953412771224976e-02,4.313293993473052979e-01,1.953445553779602051e+00
-3.014604151248931885e-01,3.837624788284301758e-01,3.781932294368743896e-01,-1.586137264966964722e-01,5.826340913772583008e-01,1.401802897453308105e+00,-2.003610610961914062e+00,-1.447996377944946289e+00,4.555221796035766602e-01,2.774495780467987061e-01
1.951062083244323730e+00,1.136153101921081543e+00,1.720634102821350098e-01,6.487107276916503906e-01,-9.792722761631011963e-03,1.081890821456909180e+00,1.385054349899291992e+00,3.901810348033905029e-01,4.258426725864410400e-01,1.968714237213134766e+00
2.144753783941268921e-01,1.257557392120361328e+00,1.150417208671569824e+00,2.143402248620986938e-01,7.675392031669616699e-01,4.352179467678070068e-01,3.683781623840332031e-01,-8.550270646810531616e-02,-8.688027858734130859e-01,2.026247501373291016e+00
5.477197095751762390e-02,-3.036415874958038330e-01,7.538635134696960449e-01,3.675591051578521729e-01,1.132136344909667969e+00,1.116947054862976074e+00,4.233949482440948486e-01,-7.605293393135070801e-01,-5.848022699356079102e-01,-7.477402091026306152e-01
-1.434644013643264771e-01,5.664944052696228027e-01,-1.620612859725952148e+00,-1.977081783115863800e-02,5.659253597259521484e-01,-9.907637238502502441e-01,1.569961190223693848e+00,1.330256223678588867e+00,1.342593312263488770e+00,-8.436556458473205566e-01
-2.286658287048339844e-01,4.114282131195068359e-01,-4.219251871109008789e-01,8.008528947830200195e-01,1.752133846282958984e+00,-7.402487397193908691e-01,-1.117392420768737793e+00,-9.473136663436889648e-01,1.009963035583496094e+00,-2.025512233376502991e-02
2.777811050415039062e+00,5.869278311729431152e-01,-8.147517442703247070e-01,-1.324473738670349121e+00,-1.991063505411148071e-01,-2.479797042906284332e-02,1.333163261413574219e+00,6.084231734275817871e-01,1.498965620994567871e+00,1.444123029708862305e+00
1.194660305976867676e+00,7.156253606081008911e-02,1.707058072090148926e+00,5.990267395973205566e-01,-7.334072887897491455e-02,1.083739876747131348e+00,7.516105771064758301e-01,-1.542062461376190186e-01,-1.441521793603897095e-01,-8.681015372276306152e-01
-3.665623664855957031e-01,-1.196090936660766602e+00,9.489891529083251953e-01,2.175570011138916016e+00,1.595412492752075195e+00,2.711145877838134766e+00,8.856537342071533203e-01,-8.984960317611694336e-01,1.443167924880981445e+00,1.554399013519287109e+00
4.356380105018615723e-01,3.771614134311676025e-01,4.158064723014831543e-02,1.498600125312805176e+00,9.626241326332092285e-01,-6.780198216438293457e-01,1.998961091041564941e+00,1.091035008430480957e+00,4.911546707153320312e-01,2.244223833084106445e+00
1.827449560165405273e+00,3.374194145202636719e+00,3.837255239486694336e-01,-1.613789558410644531e+00,1.848641186952590942e-01,-2.002823591232299805e+00,6.892150044441223145e-01,-2.158067226409912109e+00,2.544509887695312500e+00,1.343338936567306519e-01
4.692016839981079102e-01,1.036218047142028809e+00,1.860862374305725098e+00,-2.455821335315704346e-01,-1.179168581962585449e+00,-6.318852305412292480e-02,-9.684166908264160156e-01,2.553618669509887695e+00,1.846548199653625488e+00,-1.525549739599227905e-01
-5.672453045845031738e-01,2.733833491802215576e-01,1.284668207168579102e+00,7.783292531967163086e-01,1.855663180351257324e+00,2.489625692367553711e+00,-9.566582441329956055e-01,3.570236265659332275e-01,2.448500096797943115e-01,1.782689571380615234e+00
-3.137283772230148315e-02,-1.264582753181457520e+00,5.375091433525085449e-01,-1.139525294303894043e+00,8.928908109664916992e-01,9.575693011283874512e-01,2.439195066690444946e-01,-1.523493766784667969e+00,-7.627475261688232422e-01,-8.190447688102722168e-01
6.603767722845077515e-02,-1.624381542205810547e+00,-2.780302464962005615e-01,-1.527486443519592285e-01,3.486446142196655273e-01,1.394567847251892090e+00,-1.343949079513549805e+00,-8.779013156890869141e-01,-4.621379971504211426e-01,-3.342068791389465332e-01
4.498396813869476318e-01,1.271603822708129883e+00,-3.019550740718841553e-01,-3.155319988727569580e-01,1.686197280883789062e+00,-5.305439978837966919e-02,-1.352722495794296265e-01,2.041569203138351440e-01,4.361689090728759766e-01,1.163123726844787598e+00
-2.677225172519683838e-01,-1.117091655731201172e+00,3.816836178302764893e-01,8.745619058609008789e-01,2.688643634319305420e-01,7.535794973373413086e-01,-1.454771995544433594e+00,5.888824462890625000e-01,-1.581050921231508255e-03,-4.664889872074127197e-01
-6.645434498786926270e-01,-4.407712817192077637e-01,-4.317555427551269531e-01,-2.821677625179290771e-01,1.757789969444274902e+00,1.601999253034591675e-01,7.089027166366577148e-01,-5.613152384757995605e-01,1.391431450843811035e+00,9.376033544540405273e-01
-4.783518016338348389e-01,-2.050702422857284546e-01,-6.503106355667114258e-01,2.182291746139526367e+00,-2.479185819625854492e+00,-8.480911254882812500e-01,-5.744621753692626953e-01,-6.565172076225280762e-01,9.456961750984191895e-01,1.712820768356323242e+00
4.466709867119789124e-02,6.673344969749450684e-01,6.564155966043472290e-02,-5.220962166786193848e-01,9.444218277931213379e-01,1.355210661888122559e+00,1.852288991212844849e-01,1.844669729471206665e-01,1.390737771987915039e+00,-2.789045870304107666e-01
-8.505135774612426758e-01,1.017507016658782959e-01,-9.153299778699874878e-02,1.691360950469970703e+00,1.654687643051147461e+00,2.434870719909667969e+00,-5.275449752807617188e-01,1.323797225952148438e+00,2.286388635635375977e+00,8.452299050986766815e-03
-2.456218451261520386e-01,-3.291577994823455811e-01,-4.663316905498504639e-01,6.503466367721557617e-01,-8.578602671623229980e-01,3.766217455267906189e-02,2.053381919860839844e+00,6.133732795715332031e-01,8.696040511131286621e-01,-1.059928894042968750e+00
5.142297744750976562e-01,-2.164873033761978149e-01,9.685685485601425171e-02,7.255453467369079590e-01,-8.204685449600219727e-01,9.683938324451446533e-02,-2.000341713428497314e-01,1.060992598533630371e+00,2.542448759078979492e+00,-1.911566704511642456e-01
-8.360929489135742188e-01,7.776681780815124512e-01,-3.694700002670288086e-01,-7.516694664955139160e-01,1.508189886808395386e-01,-1.401753306388854980e+00,1.947526812553405762e+00,1.857007741928100586e+00,-1.195353150367736816e+00,-4.863063097000122070e-01
1.647927880287170410e+00,4.122283160686492920e-01,-3.739083707332611084e-01,-1.065175056457519531e+00,1.517557203769683838e-01,-7.306423783302307129e-01,2.104459702968597412e-01,-1.039029836654663086e+00,7.056461572647094727e-01,-4.824637174606323242e-01
5.967838168144226074e-01,1.277880072593688965e-01,8.819065093994140625e-01,-2.143662124872207642e-01,-1.943385787308216095e-02,1.977538228034973145e+00,1.887032032012939453e+00,1.857736110687255859e+00,-8.365498781204223633e-01,1.719613552093505859e+00
8.927068710327148438e-01,3.344653546810150146e-01,1.425708651542663574e+00,-6.856096386909484863e-01,1.969634532928466797e+00,-6.955740451812744141e-01,1.902234911918640137e+00,7.304267883300781250e-01,-1.618331313133239746e+00,2.088902711868286133e+00
2.392127811908721924e-01,-2.531022205948829651e-02,1.004948019981384277e+00,-5.474813580513000488e-01,5.038626194000244141e-01,2.783709950745105743e-02,2.227083891630172729e-01,-3.958853185176849365e-01,-4.520326554775238037e-01,8.519625067710876465e-01
2.300104200839996338e-01,-8.049685955047607422e-01,-3.195806443691253662e-01,2.523499488830566406e+00,1.682236194610595703e+00,6.842150092124938965e-01,4.965724647045135498e-01,1.317398667335510254e+00,2.492498010396957397e-01,1.665578961372375488e+00
1.010192871093750000e+00,9.694087505340576172e-01,-1.839878201484680176e+00,6.299562007188796997e-02,-5.756631493568420410e-01,1.790664076805114746e+00,-1.582431793212890625e+00,1.588101267814636230e+00,1.029137611389160156e+00,1.296816110610961914e+00
-4.578069746494293213e-01,5.253043174743652344e-01,-4.592835158109664917e-02,-3.832060098648071289e-01,-2.256878316402435303e-01,1.857967019081115723e+00,-1.532838106155395508e+00,-7.393289804458618164e-01,6.045189499855041504e-01,-1.414957165718078613e+00
-4.878655076026916504e-01,-6.488932967185974121e-01,3.080854117870330811e-01,-3.155626654624938965e-01,2.370588064193725586e+00,-2.955469191074371338e-01,2.650651708245277405e-02,2.496690005064010620e-01,9.879597425460815430e-01,5.019133687019348145e-01
1.532697081565856934e-01,-9.435695409774780273e-01,-4.956912621855735779e-02,-6.654630303382873535e-01,2.784772515296936035e-01,1.702068209648132324e+00,4.581981897354125977e-01,8.678388595581054688e-01,3.721354901790618896e-01,-8.610138893127441406e-01
6.987692713737487793e-01,2.126890897750854492e+00,9.251130372285842896e-02,6.572877615690231323e-02,-6.750909686088562012e-01,1.179798603057861328e+00,-9.338130950927734375e-01,-9.112451076507568359e-01,1.965200543403625488e+00,-1.118552163243293762e-01
8.328903317451477051e-01,-7.331973910331726074e-01,3.241257190704345703e+00,1.420502901077270508e+00,-6.210813522338867188e-01,-1.245376110076904297e+00,1.155285596847534180e+00,1.502333521842956543e+00,-7.689639925956726074e-01,1.179557204246520996e+00
-1.980253607034683228e-01,-3.139923810958862305e-01,1.220627069473266602e+00,4.269661903381347656e-01,2.140784502029418945e+00,-7.626877427101135254e-01,-1.217069625854492188e-01,1.588657617568969727e+00,1.022706508636474609e+00,-3.792380988597869873e-01
-8.094822764396667480e-01,7.113075256347656250e-01,-2.319722324609756470e-01,2.191153526306152344e+00,-1.096934437751770020e+00,7.075241804122924805e-01,1.095485448837280273e+00,3.196094930171966553e-01,4.192125201225280762e-01,-4.452634155750274658e-01
1.384263157844543457e+00,1.780319929122924805e+00,3.444482982158660889e-01,-8.770309090614318848e-01,1.411638021469116211e+00,1.606409907341003418e+00,3.466680943965911865e-01,-4.521577060222625732e-01,1.076191067695617676e+00,8.060514926910400391e-02
-4.334390759468078613e-01,3.636147975921630859e-01,7.768979072570800781e-01,1.223789095878601074e+00,1.702122092247009277e+00,1.697670459747314453e+00,-8.271934986114501953e-01,1.754760265350341797e+00,-5.866835117340087891e-01,-7.138519287109375000e-01
6.359066367149353027e-01,2.881309032440185547e+00,1.061437487602233887e+00,4.980558156967163086e-01,7.215061187744140625e-01,3.328298032283782959e-01,-8.022969961166381836e-01,8.100572228431701660e-02,2.196190595626831055e+00,-2.917894721031188965e-01
4.853896498680114746e-01,3.435674011707305908e-01,-1.325224041938781738e+00,1.659348249435424805e+00,1.286200284957885742e+00,8.143953680992126465e-01,1.692675352096557617e+00,-2.283727228641510010e-01,-2.363982377573847771e-03,9.864196181297302246e-01
1.992611646652221680e+00,1.260846018791198730e+00,2.215509176254272461e+00,5.201024413108825684e-01,1.091336011886596680e+00,6.310288310050964355e-01,7.917748689651489258e-01,-3.994756639003753662e-01,5.587654113769531250e-01,1.510604739189147949e+00
3.115560054779052734e+00,9.298390150070190430e-01,1.050754904747009277e+00,-1.198533415794372559e+00,3.997559845447540283e-01,5.651103854179382324e-01,5.074484944343566895e-01,6.556951403617858887e-01,2.329910039901733398e+00,7.800417542457580566e-01
-1.221028089523315430e+00,1.014865159988403320e+00,2.863780595362186432e-03,-4.452435374259948730e-01,4.382134079933166504e-01,-4.178667366504669189e-01,-7.454111576080322266e-01,-2.084742307662963867e+00,7.907701134681701660e-01,1.610633373260498047e+00
-9.777876734733581543e-01,4.127326905727386475e-01,4.161292016506195068e-01,8.489053249359130859e-01,1.989113450050354004e+00,1.161811828613281250e+00,-4.179043471813201904e-01,1.239909410476684570e+00,3.421112596988677979e-01,1.839833736419677734e+00
1.555481106042861938e-01,2.712043821811676025e-01,-3.185059428215026855e-01,1.872025728225708008e+00,3.066422939300537109e-01,-5.285682901740074158e-02,1.757700890302658081e-01,-1.288600802421569824e+00,4.300242364406585693e-01,1.544351935386657715e+00
1.075362920761108398e+00,-4.841247573494911194e-02,7.867969274520874023e-01,-6.562619805335998535e-01,3.302627801895141602e+00,1.040706992149353027e+00,1.610020875930786133e+00,-1.053712666034698486e-01,1.107717514038085938e+00,3.699984028935432434e-02
5.867739319801330566e-01,-1.231183171272277832e+00,2.388379573822021484e+00,1.147142171859741211e+00,-1.277223080396652222e-01,7.286055684089660645e-01,-7.097142338752746582e-01,1.198465347290039062e+00,-1.237841844558715820e+00,-4.489371478557586670e-01
1.675013303756713867e+00,-3.850384950637817383e-01,-6.572152972221374512e-01,5.390149354934692383e-01,7.562546133995056152e-01,1.207152128219604492e+00,1.954700589179992676e+00,5.754101276397705078e-01,-5.375279188156127930e-01,1.399993062019348145e+00
5.479928851127624512e-01,1.173476934432983398e+00,4.619040787220001221e-01,-5.461476445198059082e-01,6.270173192024230957e-02,9.932640194892883301e-01,1.132744669914245605e+00,5.129430890083312988e-01,1.275472521781921387e+00,5.259689688682556152e-01
7.578806281089782715e-01,8.801990747451782227e-02,3.000167906284332275e-01,-1.122870802879333496e+00,7.769138216972351074e-01,4.337479174137115479e-01,-1.219865798950195312e+00,1.257345825433731079e-01,1.874803453683853149e-01,2.001952648162841797e+00
6.169189810752868652e-01,1.340884447097778320e+00,4.429102838039398193e-01,1.196280717849731445e+00,6.451338529586791992e-01,9.742962121963500977e-01,-3.833582401275634766e-01,-5.966429710388183594e-01,1.643025875091552734e-01,1.517224192619323730e+00
-1.246406555175781250e+00,9.836690425872802734e-01,-8.931866288185119629e-01,7.980531454086303711e-01,-2.997513115406036377e-01,-8.019489645957946777e-01,-5.667359828948974609e-01,-2.819953858852386475e-02,7.906664013862609863e-01,-6.560453176498413086e-01
4.959897100925445557e-01,-3.276414275169372559e-01,1.594973802566528320e-01,-1.761029288172721863e-02,3.416982293128967285e-01,1.152449965476989746e+00,3.947910666465759277e-01,2.158382683992385864e-01,6.855942010879516602e-01,-3.575252592563629150e-01
7.870191335678100586e-01,1.305151343345642090e+00,7.179499864578247070e-01,9.058995246887207031e-01,1.393906831741333008e+00,2.090164899826049805e+00,8.583639264106750488e-01,6.128319501876831055e-01,-1.620241880416870117e+00,-1.992555379867553711e+00
3.623405396938323975e-01,1.303005933761596680e+00,-6.083253622055053711e-01,1.157838940620422363e+00,3.066067695617675781e-01,4.601029753684997559e-01,9.160399436950683594e-01,2.905573606491088867e+00,8.069259673357009888e-02,-7.159863710403442383e-01
1.879048347473144531e+00,1.004580140113830566e+00,9.457934498786926270e-01,2.128190994262695312e+00,-3.771234452724456787e-01,-2.623085975646972656e-01,1.593534588813781738e+00,1.238652706146240234e+00,1.661464333534240723e+00,-9.501379132270812988e-01
3.170292675495147705e-01,2.926926612854003906e-01,2.846713066101074219e-01,6.905909776687622070e-01,-7.855631411075592041e-02,7.818807363510131836e-01,2.197338342666625977e+00,4.009563028812408447e-01,2.884284853935241699e-01,2.181336730718612671e-01
1.038259491324424744e-01,1.571962714195251465e+00,5.692268610000610352e-01,6.207525730133056641e-01,6.673204302787780762e-01,1.354427933692932129e+00,-1.025416795164346695e-02,-3.527931272983551025e-01,5.863347649574279785e-01,2.580802142620086670e-01
1.791067719459533691e-01,-2.177189439535140991e-01,3.413124978542327881e-01,-2.503645658493041992e+00,1.143629923462867737e-01,1.312079548835754395e+00,-5.825532134622335434e-03,-6.521397233009338379e-01,1.882604479789733887e+00,5.918117165565490723e-01
-2.231290340423583984e+00,9.046866744756698608e-02,-2.341765016317367554e-01,-1.138854384422302246e+00,1.141402125358581543e+00,-5.994449257850646973e-01,5.498006343841552734e-01,2.160970568656921387e-01,5.638303756713867188e-01,9.478149563074111938e-02
-1.000264048576354980e+00,5.289006829261779785e-01,-8.272398710250854492e-01,-4.362685382366180420e-01,2.399800062179565430e+00,-5.855129361152648926e-01,1.329247117042541504e+00,4.297349154949188232e-01,5.338270217180252075e-02,4.447405338287353516e-01
1.211897850036621094e+00,-9.236551523208618164e-01,-4.686729907989501953e-01,-6.344731450080871582e-01,5.294674634933471680e-01,2.578888893127441406e+00,1.122711181640625000e+00,1.848912715911865234e+00,-2.645736932754516602e-01,7.703054547309875488e-01
-1.189614534378051758e+00,-1.844649016857147217e-02,1.809456348419189453e+00,-3.625295758247375488e-01,-6.784913539886474609e-01,1.932890415191650391e-01,6.435948610305786133e-01,2.343205213546752930e+00,-9.947808980941772461e-01,-4.761892557144165039e-01
7.539547681808471680e-01,1.135129928588867188e+00,1.789720952510833740e-01,-8.577651977539062500e-01,-4.106602370738983154e-01,1.937745094299316406e+00,-1.611181855201721191e+00,1.150390982627868652e+00,8.516612052917480469e-01,-2.831885404884815216e-02
2.068727731704711914e+00,-2.601533830165863037e-01,1.690210103988647461e+00,1.174198389053344727e+00,1.145416617393493652e+00,-6.459060311317443848e-02,1.155320763587951660e+00,2.451493293046951294e-01,-5.792108178138732910e-02,-5.706089735031127930e-01
-1.698298305273056030e-01,6.144055128097534180e-01,-1.820768713951110840e-01,1.368687272071838379e+00,1.438520908355712891e+00,1.274986118078231812e-01,8.205376863479614258e-01,5.378025025129318237e-02,2.606129169464111328e+00,1.026632428169250488e+00
8.193529844284057617e-01,7.844297885894775391e-01,3.377407193183898926e-01,4.953487813472747803e-01,-4.726698100566864014e-01,1.132726669311523438e+00,-9.863594174385070801e-01,1.580445647239685059e+00,2.056640148162841797e+00,-5.293479561805725098e-01
3.303988277912139893e-01,7.360941916704177856e-02,-1.718882322311401367e-01,3.108648061752319336e-01,1.347590327262878418e+00,2.174017906188964844e+00,1.798873066902160645e+00,-3.973793983459472656e-01,4.027260839939117432e-01,-1.598592519760131836e+00
2.676317095756530762e-01,1.045906394720077515e-01,1.259440302848815918e+00,-1.258784890174865723e+00,-7.743641734123229980e-01,8.697969317436218262e-01,-3.610968291759490967e-01,9.020243287086486816e-01,-1.948747038841247559e-01,1.084469199180603027e+00
1.624129176139831543e+00,6.148976683616638184e-01,1.512301206588745117e+00,6.234008669853210449e-01,1.295868039131164551e+00,2.441172122955322266e+00,1.430952906608581543e+00,4.684058725833892822e-01,-2.444964200258255005e-01,1.380653619766235352e+00
7.025323510169982910e-01,-2.152738124132156372e-01,-8.219943195581436157e-02,4.658628106117248535e-01,1.814972996711730957e+00,-4.008885622024536133e-01,-1.910810828208923340e+00,1.288329124450683594e+00,1.224417090415954590e+00,1.295965671539306641e+00
-7.811059355735778809e-01,-9.727699160575866699e-01,-3.541736900806427002e-01,8.007582426071166992e-01,-4.522154629230499268e-01,3.021067380905151367e-01,1.115234375000000000e+00,2.639578580856323242e+00,-1.997399926185607910e-01,-4.088692665100097656e-01
1.216273069381713867e+00,-4.294154234230518341e-03,-3.097884058952331543e-01,4.542468860745429993e-02,2.262930393218994141e+00,4.154757857322692871e-01,2.086115121841430664e+00,1.113942146301269531e+00,-7.420069575309753418e-01,2.435512542724609375e+00
1.585413217544555664e-01,-2.125180006027221680e+00,9.729281663894653320e-01,1.518544793128967285e+00,1.016511321067810059e+00,1.755072951316833496e+00,6.538076400756835938e-01,8.495998382568359375e-01,5.760278105735778809e-01,5.719644427299499512e-01
2.009341955184936523e+00,3.098645806312561035e-01,6.336224079132080078e-01,1.609592318534851074e+00,-1.468440771102905273e+00,-9.961663186550140381e-02,-3.871775865554809570e-01,-1.438025712966918945e+00,-4.771405458450317383e-01,6.533145904541015625e-01
5.041322708129882812e-01,-8.655650615692138672e-01,-3.482657372951507568e-01,1.923865437507629395e+00,1.925102353096008301e+00,1.793274164199829102e+00,5.455574989318847656e-01,4.755297303199768066e-01,-2.142846286296844482e-01,1.409105658531188965e-01
8.796947002410888672e-01,6.771920919418334961e-01,-4.509381949901580811e-01,2.486355304718017578e+00,-6.122077703475952148e-01,-5.027716755867004395e-01,5.261294245719909668e-01,-3.924818336963653564e-01,1.800265014171600342e-01,1.472904086112976074e+00
1.387416839599609375e+00,1.054730892181396484e+00,1.175397276878356934e+00,7.498694658279418945e-01,1.310854673385620117e+00,7.763101458549499512e-01,1.880006670951843262e+00,1.365760445594787598e+00,-5.108984112739562988e-01,3.259789049625396729e-01
-1.650266170501708984e+00,9.555801153182983398e-01,8.646952509880065918e-01,3.133010566234588623e-01,1.507860183715820312e+00,2.162468194961547852e+00,-1.851737618446350098e+00,1.474178075790405273e+00,8.717992901802062988e-02,2.931935310363769531e+00
2.711341381072998047e-01,7.380824089050292969e-01,1.731876373291015625e+00,-2.515385448932647705e-01,8.650608658790588379e-01,-1.123076319694519043e+00,8.907439708709716797e-01,-1.162171363830566406e+00,-1.319194436073303223e+00,1.468810558319091797e+00
2.583617687225341797e+00,-1.887903660535812378e-01,1.822645545005798340e+00,1.392573356628417969e+00,1.191737890243530273e+00,1.441570758819580078e+00,-7.856923937797546387e-01,1.620795845985412598e+00,-4.841731488704681396e-01,1.060326933860778809e+00
1.435075402259826660e+00,3.550719499588012695e+00,8.414646983146667480e-01,1.147495031356811523e+00,3.005615770816802979e-01,5.457768440246582031e-01,1.570556521415710449e+00,8.272362500429153442e-02,6.397586781531572342e-03,1.389006733894348145e+00
6.897513866424560547e-01,3.730136156082153320e-01,1.111004710197448730e+00,-9.992417693138122559e-01,2.563751116394996643e-02,2.020493745803833008e+00,2.537093684077262878e-02,-1.298534989356994629e+00,2.132599353790283203e-01,-2.818900346755981445e-02
-6.614591479301452637e-01,-3.628580570220947266e-01,2.213871479034423828e+00,-6.396142840385437012e-01,1.599485754966735840e+00,1.078810453414916992e+00,4.203937649726867676e-01,1.726201295852661133e+00,-1.089063882827758789e-01,6.845826506614685059e-01
-4.742887020111083984e-01,2.115650415420532227e+00,1.540185511112213135e-01,-5.724222585558891296e-02,3.177948236465454102e+00,-5.021831989288330078e-01,1.178110361099243164e+00,2.608384490013122559e-01,-4.900548458099365234e-01,9.509192705154418945e-01
7.848047018051147461e-01,8.132379055023193359e-01,2.254962682723999023e+00,1.718289136886596680e+00,2.238430261611938477e+00,1.211904734373092651e-01,-1.936255246400833130e-01,-1.590479850769042969e+00,2.425472438335418701e-01,-1.257580876350402832e+00
1.654771447181701660e+00,-9.835511445999145508e-02,3.432214260101318359e-01,-9.626604318618774414e-01,1.348130226135253906e+00,7.406485080718994141e-01,1.500548124313354492e+00,1.479330778121948242e+00,1.700850486755371094e+00,1.102702021598815918e+00
1.406656026840209961e+00,-6.387256979942321777e-01,-1.222508192062377930e+00,1.418238282203674316e+00,3.191779367625713348e-03,-3.372308015823364258e-01,7.824090719223022461e-01,9.540468454360961914e-01,1.338628053665161133e+00,5.824676156044006348e-01
-3.263633251190185547e-01,-2.562426924705505371e-01,3.040543012320995331e-02,-1.069013714790344238e+00,2.176216125488281250e+00,1.020090818405151367e+00,1.892977952957153320e+00,1.591603755950927734e+00,7.023859620094299316e-01,1.162603974342346191e+00
-5.925337672233581543e-01,1.080013632774353027e+00,-1.305587172508239746e+00,1.885193705558776855e+00,1.884567856788635254e+00,-3.433107957243919373e-02,1.705263495445251465e+00,1.862690210342407227e+00,-1.443686604499816895e+00,1.201225399971008301e+00
1.346808314323425293e+00,-8.330810070037841797e-01,-1.764571428298950195e+00,1.713420152664184570e+00,-1.163782596588134766e+00,-1.966398596763610840e+00,7.616857290267944336e-01,9.950503706932067871e-01,7.390521764755249023e-01,5.160347819328308105e-01
2.723919153213500977e+00,2.079158067703247070e+00,5.387024283409118652e-01,-7.745813131332397461e-01,1.049037575721740723e+00,1.376411914825439453e+00,2.104283094406127930e+00,2.306219816207885742e+00,-3.610241413116455078e-01,2.178190201520919800e-01
1.002250671386718750e+00,2.381142228841781616e-01,1.808771252632141113e+00,3.908047378063201904e-01,1.751884102821350098e+00,1.430900335311889648e+00,1.516994386911392212e-01,2.687428474426269531e+00,-5.800232291221618652e-02,-8.376388251781463623e-02
-8.916298151016235352e-01,-1.339173793792724609e+00,1.065496802330017090e+00,-2.101947963237762451e-01,2.416954278945922852e+00,1.615817546844482422e-01,-3.583435341715812683e-02,-1.815506219863891602e+00,-2.322154045104980469e-01,1.339591860771179199e+00
1.818615674972534180e+00,7.656985521316528320e-01,-8.941758871078491211e-01,6.211950182914733887e-01,2.974663972854614258e+00,4.148722589015960693e-01,-7.190937995910644531e-01,-2.049136161804199219e+00,1.324483871459960938e+00,-5.607606098055839539e-02
1.109174609184265137e+00,2.308050394058227539e+00,-3.126878142356872559e-01,4.349078834056854248e-01,2.066411733627319336e+00,1.634978413581848145e+00,8.013720512390136719e-01,-1.299873948097229004e+00,-1.502297759056091309e+00,7.742882370948791504e-01
-5.664209127426147461e-01,1.089583396911621094e+00,3.179932355880737305e+00,2.555619716644287109e+00,1.847020745277404785e+00,-4.473830759525299072e-01,7.338494062423706055e-01,-2.032385170459747314e-01,1.538256287574768066e+00,1.076213955879211426e+00
4.663485288619995117e-01,5.296858549118041992e-01,9.826073646545410156e-01,8.288380503654479980e-01,1.252929270267486572e-01,3.469429910182952881e-02,1.355895161628723145e+00,-5.210633873939514160e-01,-4.310726225376129150e-01,-5.305210947990417480e-01
1.098102092742919922e+00,1.679340839385986328e+00,1.099700570106506348e+00,-5.008513331413269043e-01,-7.559663653373718262e-01,-1.281503081321716309e+00,1.452494502067565918e+00,-4.859241545200347900e-01,-5.614737272262573242e-01,2.535907030105590820e+00
3.883747160434722900e-01,-4.069691300392150879e-01,-3.591047525405883789e-01,-6.546561717987060547e-01,1.037229970097541809e-01,1.885285079479217529e-01,6.196250319480895996e-01,3.433590829372406006e-01,5.606931447982788086e-01,1.433116674423217773e+00
5.733248963952064514e-02,2.839661836624145508e+00,4.351845085620880127e-01,-1.360439062118530273e-01,-2.874414682388305664e+00,4.900067448616027832e-01,6.066587567329406738e-02,1.126072406768798828e+00,-9.334852695465087891e-01,-5.352541208267211914e-01
-6.201640367507934570e-01,-1.295605659484863281e+00,7.202842235565185547e-01,-1.178610801696777344e+00,-1.821240931749343872e-01,1.021069645881652832e+00,-1.057489752769470215e+00,2.457385659217834473e-01,-4.312486648559570312e-01,7.053085565567016602e-01
8.655432462692260742e-01,1.419736593961715698e-01,4.500334262847900391e-01,1.786271452903747559e+00,1.812814116477966309e+00,-2.255528688430786133e+00,7.551019787788391113e-01,1.369572401046752930e+00,-5.106792449951171875e-01,1.107399582862854004e+00
1.512164831161499023e+00,-8.250977396965026855e-01,3.899400711059570312e+00,-8.671184182167053223e-01,2.015712261199951172e+00,-6.069393828511238098e-03,1.267198324203491211e-01,-1.542272567749023438e+00,5.277912616729736328e-01,-1.850235819816589355e+00
-5.853010416030883789e-01,-5.852829217910766602e-01,5.172035694122314453e-01,9.512875676155090332e-01,1.468718349933624268e-01,-2.154727935791015625e+00,1.599078923463821411e-01,2.273270130157470703e+00,-1.369627565145492554e-01,2.394970178604125977e+00
1.719207763671875000e+00,-2.171258211135864258e+00,-1.417026042938232422e+00,8.340183496475219727e-01,1.070933818817138672e+00,4.205923974514007568e-01,6.655008345842361450e-02,8.329322338104248047e-01,6.972048282623291016e-01,-6.151301041245460510e-02
1.052558794617652893e-01,2.311807155609130859e+00,8.090836405754089355e-01,-1.843327283859252930e-01,3.723689615726470947e-01,-2.520057857036590576e-01,-6.201275438070297241e-02,4.779576957225799561e-01,-2.449103146791458130e-01,6.917108297348022461e-01
2.929581105709075928e-01,-5.450508594512939453e-01,9.854525327682495117e-01,8.413681387901306152e-02,1.360100209712982178e-01,9.390655755996704102e-01,9.813074022531509399e-03,9.641524553298950195e-01,1.114315271377563477e+00,4.046959057450294495e-02
3.330428898334503174e-01,7.602794170379638672e-01,8.204934597015380859e-01,2.260766267776489258e+00,-1.571325421333312988e+00,1.543257117271423340e+00,-1.300490736961364746e+00,2.554255008697509766e+00,1.109706312417984009e-01,3.826902806758880615e-02
-8.727443218231201172e-01,-1.066399097442626953e+00,-9.245706200599670410e-01,1.127560853958129883e+00,1.097323775291442871e+00,-9.894105195999145508e-01,1.627565503120422363e+00,1.287110988050699234e-02,3.792090713977813721e-01,8.315287232398986816e-01
-8.772033452987670898e-01,6.061678528785705566e-01,7.136970758438110352e-01,1.352126121520996094e+00,-6.559593081474304199e-01,1.755026817321777344e+00,-1.063504934310913086e+00,8.808876276016235352e-01,1.739765048027038574e+00,-6.232870370149612427e-02
7.927735447883605957e-01,1.732081532478332520e+00,1.020259976387023926e+00,1.332994937896728516e+00,-1.036999821662902832e+00,-1.714102149009704590e+00,-4.585344791412353516e-01,-2.165012210607528687e-01,-2.999249935150146484e+00,1.831452846527099609e+00
1.589570164680480957e+00,-6.648069620132446289e-01,1.448021888732910156e+00,-1.322994679212570190e-01,1.509902477264404297e+00,-4.510636329650878906e-01,2.410292327404022217e-01,1.044494152069091797e+00,6.927202939987182617e-01,1.337036728858947754e+00
1.985443115234375000e+00,5.025566816329956055e-01,-1.625301480293273926e+00,-4.031012058258056641e-01,-9.458333998918533325e-02,7.182009816169738770e-01,1.742520093917846680e+00,6.140635609626770020e-01,5.308282971382141113e-01,1.597634851932525635e-01
-2.992925941944122314e-01,5.811642110347747803e-02,-5.867915153503417969e-01,1.107619881629943848e+00,2.038738250732421875e+00,-1.655408620834350586e+00,-1.083142235875129700e-01,6.100870966911315918e-01,-7.463844120502471924e-02,9.715909361839294434e-01
2.378242015838623047e+00,1.219263672828674316e+00,5.945240855216979980e-01,-4.536672234535217285e-01,2.172938346862792969e+00,1.568091750144958496e+00,2.218279838562011719e-01,1.146872043609619141e+00,7.448390126228332520e-01,2.081223487854003906e+00
1.269541859626770020e+00,-1.776284813880920410e+00,-7.339205592870712280e-02,8.615459799766540527e-01,2.550715684890747070e+00,1.291627168655395508e+00,-5.514904260635375977e-01,-2.132930308580398560e-01,1.463476061820983887e+00,-1.058587193489074707e+00
6.448525786399841309e-01,6.395272612571716309e-01,1.024325847625732422e+00,-2.524058101698756218e-03,1.669532060623168945e+00,2.266136407852172852e+00,8.439915180206298828e-01,1.202489882707595825e-01,1.071921586990356445e+00,-3.057351410388946533e-01
-1.503483891487121582e+00,1.261675119400024414e+00,-2.430659979581832886e-01,1.286821603775024414e+00,1.224177837371826172e+00,-2.787172496318817139e-01,1.220848560333251953e+00,7.580716609954833984e-01,1.179827809333801270e+00,1.986871212720870972e-01
1.083957910537719727e+00,2.990189790725708008e-01,-1.309290677309036255e-01,-3.341565728187561035e-01,2.001630216836929321e-01,2.416891157627105713e-01,-3.539414703845977783e-01,6.766257882118225098e-01,1.253860473632812500e+00,-1.638791084289550781e+00
-1.018367290496826172e+00,8.847781419754028320e-01,3.082964181900024414e+00,1.371931791305541992e+00,-2.923848927021026611e-01,1.337767839431762695e+00,-9.220481514930725098e-01,-1.215916991233825684e+00,6.766334176063537598e-01,1.085240960121154785e+00
1.042713284492492676e+00,-4.888068139553070068e-01,2.382206171751022339e-01,-1.002594351768493652e+00,4.584741219878196716e-02,2.477440834045410156e+00,1.196314811706542969e+00,1.146896123886108398e+00,8.449575901031494141e-01,-2.818388938903808594e-01
-1.243673563003540039e+00,1.459602594375610352e+00,2.064337730407714844e+00,2.047267913818359375e+00,9.242526255548000336e-03,3.792371451854705811e-01,1.132181644439697266e+00,8.644430637359619141e-01,1.744292497634887695e+00,1.916706442832946777e+00
3.391347169876098633e+00,1.767531782388687134e-01,-1.994985193014144897e-01,-6.360921263694763184e-01,1.138096809387207031e+00,3.166887462139129639e-01,2.943129837512969971e-01,8.797121047973632812e-01,1.870455026626586914e+00,-9.766551852226257324e-01
-1.283265709877014160e+00,6.299714446067810059e-01,2.061546564102172852e+00,-6.796351075172424316e-01,1.799952387809753418e+00,-4.264579415321350098e-01,3.916581273078918457e-01,1.148167014122009277e+00,-8.204440474510192871e-01,5.638395547866821289e-01
1.747086048126220703e+00,-5.906417369842529297e-01,1.367960870265960693e-01,1.058320879936218262e+00,1.810160756111145020e+00,-1.420966506004333496e+00,1.015333294868469238e+00,2.044350385665893555e+00,-3.000102937221527100e-01,1.008455634117126465e+00
2.406625300645828247e-01,8.273429870605468750e-01,1.557828783988952637e+00,1.695297718048095703e+00,-5.888252854347229004e-01,2.730427682399749756e-01,1.005566239356994629e+00,2.145910978317260742e+00,2.593498468399047852e+00,-9.058231115341186523e-01
-3.728019893169403076e-01,6.525119543075561523e-01,5.595748424530029297e-01,7.640609741210937500e-01,1.631607651710510254e+00,-2.205959409475326538e-01,-8.762261867523193359e-01,-7.095770239830017090e-01,1.432846784591674805e+00,6.447222828865051270e-01
-2.893910706043243408e-01,2.802548170089721680e+00,3.014480769634246826e-01,8.274810314178466797e-01,8.973538279533386230e-01,-9.389764666557312012e-01,7.880623340606689453e-01,8.942714333534240723e-01,5.924793332815170288e-02,9.984389543533325195e-01
1.014039993286132812e+00,1.480133831501007080e-01,2.119733333587646484e+00,1.163876295089721680e+00,-9.714213013648986816e-02,1.167466402053833008e+00,5.857313275337219238e-01,2.734525799751281738e-01,-3.926728665828704834e-02,5.878986716270446777e-01
9.714215993881225586e-01,2.089505344629287720e-01,2.109958648681640625e+00,4.343559741973876953e-01,2.059599876403808594e+00,1.899181306362152100e-01,1.841015964746475220e-01,-1.968725204467773438e+00,4.815743267536163330e-01,-4.221469163894653320e-01
-2.256598323583602905e-01,3.468112945556640625e-01,4.599242508411407471e-01,6.156005859375000000e-01,-8.750886470079421997e-02,-2.293267846107482910e-01,-6.288147568702697754e-01,2.554138660430908203e+00,-1.472078204154968262e+00,-1.132682085037231445e+00
2.507199048995971680e+00,1.440564870834350586e+00,-5.827772021293640137e-01,1.079667448997497559e+00,1.425524592399597168e+00,3.647502660751342773e-01,7.996314167976379395e-01,1.103262454271316528e-01,1.360768556594848633e+00,-1.096901297569274902e-01
1.350769162178039551e+00,1.627177834510803223e+00,1.498368382453918457e+00,5.635447502136230469e-01,-2.422486990690231323e-01,-3.570392131805419922e-01,8.347520232200622559e-01,-5.460384488105773926e-01,-4.958365261554718018e-01,-1.217313036322593689e-01
-5.089704990386962891e-01,2.148640006780624390e-01,-1.228408932685852051e+00,4.011142551898956299e-01,8.503642082214355469e-01,7.656913250684738159e-02,7.151944637298583984e-01,1.511020660400390625e+00,1.112779974937438965e+00,7.587797045707702637e-01
4.068828821182250977e-01,-7.143759727478027344e-01,2.198292493820190430e+00,2.392379045486450195e+00,1.124388933181762695e+00,9.188702106475830078e-01,5.994500517845153809e-01,5.905156135559082031e-01,2.207971811294555664e+00,-5.966669321060180664e-01
1.556086897850036621e+00,1.315012812614440918e+00,2.202263832092285156e+00,1.427304744720458984e+00,1.178472280502319336e+00,6.136476993560791016e-02,-3.808269798755645752e-01,8.533447980880737305e-02,1.609377384185791016e+00,1.171250581741333008e+00
1.303925275802612305e+00,1.669535517692565918e+00,-6.754308342933654785e-01,3.715803623199462891e-01,-2.461386322975158691e-01,3.257561922073364258e-01,4.173790812492370605e-01,9.589325785636901855e-01,7.489987611770629883e-01,3.537447750568389893e-01
1.487250328063964844e+00,-5.955234169960021973e-01,-1.195143580436706543e+00,1.305949211120605469e+00,1.608452320098876953e+00,5.357894301414489746e-01,9.933177232742309570e-01,1.346340298652648926e+00,8.421998023986816406e-01,1.405121922492980957e+00
-1.036001801490783691e+00,1.423831701278686523e+00,-1.214478909969329834e-01,2.496162950992584229e-01,1.397601842880249023e+00,5.086074471473693848e-01,-1.177069246768951416e-01,1.660136699676513672e+00,1.510861754417419434e+00,1.580944776535034180e+00
5.875515937805175781e-01,1.345504641532897949e+00,-9.733780026435852051e-01,-1.174337029457092285e+00,-4.497473537921905518e-01,9.729588776826858521e-02,1.135709643363952637e+00,3.994364261627197266e+00,1.170516610145568848e-01,-9.840555787086486816e-01
1.431412696838378906e-01,-5.285099893808364868e-02,1.416374146938323975e-01,3.868841752409934998e-02,1.545045137405395508e+00,6.134236454963684082e-01,1.626109480857849121e+00,4.422678351402282715e-01,-3.327192664146423340e-01,3.864655792713165283e-01
3.784285485744476318e-01,8.683760762214660645e-01,-8.422398567199707031e-01,1.422683298587799072e-01,1.372071057558059692e-01,2.968123257160186768e-01,7.913994789123535156e-01,4.971411526203155518e-01,3.695881068706512451e-01,7.280600070953369141e-01
7.633297443389892578e-01,1.652969956398010254e+00,9.415494203567504883e-01,-5.297084450721740723e-01,-1.239322662353515625e+00,1.660789728164672852e+00,-1.375279545783996582e+00,1.437304019927978516e+00,2.871353626251220703e+00,2.415248006582260132e-01
-9.837421178817749023e-01,-4.020032286643981934e-01,8.758332729339599609e-01,4.665116965770721436e-01,6.459869742393493652e-01,1.707919001579284668e+00,4.478125870227813721e-01,2.725512087345123291e-01,-3.741999268531799316e-01,7.877666950225830078e-01
1.521031022071838379e+00,5.779129862785339355e-01,5.061745047569274902e-01,-4.552923142910003662e-02,-9.111467599868774414e-01,1.518854379653930664e+00,-7.435613274574279785e-01,1.565273404121398926e+00,2.604879140853881836e-01,-6.802397966384887695e-01
4.177764058113098145e-01,-1.899937354028224945e-02,-4.722186625003814697e-01,3.139785826206207275e-01,1.278095602989196777e+00,1.325462341308593750e+00,4.132858216762542725e-01,6.424337625503540039e-01,1.862133622169494629e+00,-5.319120883941650391e-01
1.740017771720886230e+00,-2.223543524742126465e-01,4.470336437225341797e-01,-1.925985217094421387e-01,-6.740709543228149414e-01,-5.424635410308837891e-01,6.322436332702636719e-01,1.644773721694946289e+00,2.287674322724342346e-02,-1.758020520210266113e-01
-1.059575557708740234e+00,2.231349050998687744e-01,-1.235109344124794006e-01,-2.988412678241729736e-01,7.305873036384582520e-01,6.255927085876464844e-01,-4.112021028995513916e-01,2.038783788681030273e+00,3.223735392093658447e-01,-4.183657933026552200e-03
1.719126462936401367e+00,2.198203086853027344e+00,8.687908649444580078e-01,7.901866436004638672e-01,2.037700891494750977e+00,1.580673754215240479e-01,4.290735423564910889e-01,-7.730869054794311523e-01,1.036102533340454102e+00,-2.551355063915252686e-01
1.387449502944946289e+00,-6.504296660423278809e-01,1.175565242767333984e+00,-6.408234834671020508e-01,7.886729240417480469e-01,1.537624597549438477e+00,1.333862543106079102e+00,-9.762216210365295410e-01,-4.112682640552520752e-01,1.196684837341308594e+00
1.413420438766479492e-01,1.760160803794860840e+00,1.974001169204711914e+00,7.666022181510925293e-01,4.216190874576568604e-01,1.334771275520324707e+00,1.549483656883239746e+00,-1.456823050975799561e-01,-1.013991117477416992e+00,-6.567149609327316284e-02
-6.162769198417663574e-01,1.192262023687362671e-01,-1.126347064971923828e+00,-1.690836310386657715e+00,-6.649246066808700562e-02,2.068796157836914062e+00,1.767752528190612793e+00,-3.747300803661346436e-01,2.113713502883911133e+00,-1.256674766540527344e+00
1.731055378913879395e+00,-2.795397043228149414e-01,-1.546110361814498901e-01,-4.385402798652648926e-01,8.988658189773559570e-01,1.204049706459045410e+00,2.084198035299777985e-02,9.374579042196273804e-02,1.405669450759887695e+00,1.424307465553283691e+00
